id,title,standard_job_id,country_code,days_to_hire
a17895a4-f69f-48a4-a75f-eae3b5e58318,Junior data engineer,c83e576e-fa9a-4aef-afb3-f495fca9a6bb,,16
71f29a6e-5385-45e3-86bf-e4589ded2597,Data engineer,c83e576e-fa9a-4aef-afb3-f495fca9a6bb,,
e2f2e188-2665-42d9-bc9e-894adc44d238,Data engineer + ML,c83e576e-fa9a-4aef-afb3-f495fca9a6bb,UK,20
bbd5885b-b74b-451e-b785-9f666f8aa81e,Data engineer + ML,c83e576e-fa9a-4aef-afb3-f495fca9a6bb,DE,49
7910c314-3e5a-4894-b999-55858d8e1711,Senior data engineer,c83e576e-fa9a-4aef-afb3-f495fca9a6bb,DE,42
94bed864-a100-48b8-b01b-63bc9a013417,Python software(Data engineer),c83e576e-fa9a-4aef-afb3-f495fca9a6bb,UK,150
9eaa8c74-a70a-4f4a-b934-7517d15731ee,Senior data engineer,c83e576e-fa9a-4aef-afb3-f495fca9a6bb,UK,25
9f6ae1d7-26ab-4838-aa6b-bdbf9921b8a6,Data engineer(Senior),c83e576e-fa9a-4aef-afb3-f495fca9a6bb,UK,68
9f70dfcd-7006-4ec1-8d45-a35e29b95dc4,Python software(Data engineer),c83e576e-fa9a-4aef-afb3-f495fca9a6bb,DE,48
5e382bb1-c175-42a6-8a60-00219244d889,Data engineer(Python),c83e576e-fa9a-4aef-afb3-f495fca9a6bb,DE,40
70556e77-ba12-4d3a-bb2b-2feb34daae28,Junior data engineer,c83e576e-fa9a-4aef-afb3-f495fca9a6bb,DE,16
a32422af-9af8-4512-9841-5239cceeedb4,Data engineer(Python),c83e576e-fa9a-4aef-afb3-f495fca9a6bb,,11
63846611-55b2-4d1f-8d75-b5be04dc1660,Data engineer(Python),c83e576e-fa9a-4aef-afb3-f495fca9a6bb,DE,62
1a54de65-5b91-400d-90c6-61d4d4453f5b,Data engineer,c83e576e-fa9a-4aef-afb3-f495fca9a6bb,DE,57
b03336bb-ee43-4a6b-aa4b-2c7d373a0e83,Data engineer,c83e576e-fa9a-4aef-afb3-f495fca9a6bb,DE,56
bf04cb43-3613-47b0-8fe5-4402230ccb8b,Data engineer(Senior),c83e576e-fa9a-4aef-afb3-f495fca9a6bb,DE,39
e5d2e94a-e8d2-471f-8e82-72123853d6d2,Data engineer + ML,c83e576e-fa9a-4aef-afb3-f495fca9a6bb,DE,
2f554541-b5e9-4ba7-b222-9cf6adf218a2,Data engineer(Python),c83e576e-fa9a-4aef-afb3-f495fca9a6bb,UK,
c11469ee-193e-4a00-9c74-ad94b5cb20c7,Data engineer(Senior),c83e576e-fa9a-4aef-afb3-f495fca9a6bb,DE,67
49b19175-9030-4ee2-8e83-041294107203,Data engineer(Python),c83e576e-fa9a-4aef-afb3-f495fca9a6bb,UK,51
bae6cc93-68cb-482a-82be-21f5eb7a6c6f,Python software(Data engineer),c83e576e-fa9a-4aef-afb3-f495fca9a6bb,UK,29
ea9adc1d-7e25-46f5-bb84-54e6e920f243,Python software(Data engineer),c83e576e-fa9a-4aef-afb3-f495fca9a6bb,,36
64d3c6f8-0c0b-4eee-8521-e6b9197fbf54,Data engineer + ML,c83e576e-fa9a-4aef-afb3-f495fca9a6bb,,38
e7c8097b-9534-49dd-a97b-7e68402df982,Data engineer + ML,c83e576e-fa9a-4aef-afb3-f495fca9a6bb,DE,33
61cfca5e-4cdc-416d-b390-fe0a7febf0b2,Data engineer(Senior),c83e576e-fa9a-4aef-afb3-f495fca9a6bb,UK,58
b5cc04f1-6733-4c29-9eb8-218c7c1e8909,Data engineer,c83e576e-fa9a-4aef-afb3-f495fca9a6bb,,68
d825da50-0d17-4fab-a5f4-5d3c0ea9469e,Data engineer + ML,c83e576e-fa9a-4aef-afb3-f495fca9a6bb,DE,63
2befed3c-4153-4814-aea4-803a0ffd4076,Data engineer(Senior),c83e576e-fa9a-4aef-afb3-f495fca9a6bb,DE,147
e6c83ab1-86de-4194-b1e0-e063eb24d2f6,Python software(Data engineer),c83e576e-fa9a-4aef-afb3-f495fca9a6bb,DE,37
d0ce2eeb-b1f9-427b-950f-16aef1e28d39,Data engineer(Senior),c83e576e-fa9a-4aef-afb3-f495fca9a6bb,DE,66
823408eb-97df-4a25-8af6-00f09e5d898d,Data engineer,c83e576e-fa9a-4aef-afb3-f495fca9a6bb,,
fba65696-9b33-4f50-a22f-18679a8232ad,Data engineer(Python),c83e576e-fa9a-4aef-afb3-f495fca9a6bb,UK,76
bc4ae978-c13b-45c6-8dfc-196d990cb20a,Junior data engineer,c83e576e-fa9a-4aef-afb3-f495fca9a6bb,,20
283416fb-8b7d-43a6-aacf-dc197486d85c,Data engineer(Python),c83e576e-fa9a-4aef-afb3-f495fca9a6bb,UK,
8f4fdd69-3133-49ae-b7b1-93c5a6a00c4a,Junior data engineer,c83e576e-fa9a-4aef-afb3-f495fca9a6bb,UK,133
4fb655c1-2c71-4546-8696-997e1cb9ba1c,Data engineer + ML,c83e576e-fa9a-4aef-afb3-f495fca9a6bb,DE,8
73884581-e230-4ba9-9236-0ff5b4a2c27f,Python software(Data engineer),c83e576e-fa9a-4aef-afb3-f495fca9a6bb,DE,57
402f670a-1b7c-4c56-96a7-8c940d79624c,Data engineer(Python),c83e576e-fa9a-4aef-afb3-f495fca9a6bb,UK,
91999a46-46af-4ff1-8f81-975bf851c15b,Data engineer(Python),c83e576e-fa9a-4aef-afb3-f495fca9a6bb,UK,39
5a5faa67-8470-4709-8ebf-9ae6c0f00ecb,Senior data engineer,c83e576e-fa9a-4aef-afb3-f495fca9a6bb,DE,21
7b7066c2-883e-4567-a135-abe70a6b0e76,Junior data engineer,c83e576e-fa9a-4aef-afb3-f495fca9a6bb,DE,43
db5b8e5d-0023-4b04-ac2d-efb4d77b1200,Python software(Data engineer),c83e576e-fa9a-4aef-afb3-f495fca9a6bb,UK,45
7928afd2-6109-47d3-8bc4-3ba3a5f0b307,Junior data engineer,c83e576e-fa9a-4aef-afb3-f495fca9a6bb,DE,45
c44c519b-0876-43f0-b087-70a6695918a5,Data engineer + ML,c83e576e-fa9a-4aef-afb3-f495fca9a6bb,UK,79
52003eea-f67d-413c-96e8-3326a57e46ab,Data engineer(Senior),c83e576e-fa9a-4aef-afb3-f495fca9a6bb,DE,32
e99ff096-8da1-45b6-ae5f-a0d97c37e7fa,Data engineer(Senior),c83e576e-fa9a-4aef-afb3-f495fca9a6bb,DE,16
ef91e545-ba7e-433b-9955-52fc02bcafcb,Python software(Data engineer),c83e576e-fa9a-4aef-afb3-f495fca9a6bb,UK,
e777343c-1bae-438c-8348-5d40c9c6e6d8,Data engineer,c83e576e-fa9a-4aef-afb3-f495fca9a6bb,UK,69
781198fd-ac67-469c-a92c-156e43ce443b,Data engineer(Python),c83e576e-fa9a-4aef-afb3-f495fca9a6bb,DE,65
61e7c407-c1d8-477a-bf9b-d4f086f16020,Data engineer + ML,c83e576e-fa9a-4aef-afb3-f495fca9a6bb,UK,46
e58016c6-b7c9-4b4a-916e-2ba04ce7d09c,Data engineer,c83e576e-fa9a-4aef-afb3-f495fca9a6bb,UK,39
9582f76c-b5bb-4f68-b455-94084e674255,Senior data engineer,c83e576e-fa9a-4aef-afb3-f495fca9a6bb,UK,1
15f0fc21-c94c-4676-8cc2-b38317708451,Junior data engineer,c83e576e-fa9a-4aef-afb3-f495fca9a6bb,UK,33
f93ae743-4d0e-4320-8c30-282f1f4f1d46,Data engineer(Senior),c83e576e-fa9a-4aef-afb3-f495fca9a6bb,UK,20
597a388d-55fe-44fb-9243-da97a5525ed6,Data engineer + ML,c83e576e-fa9a-4aef-afb3-f495fca9a6bb,UK,
05644cd0-c6ac-4528-91d5-b490b049eb5d,Data engineer,c83e576e-fa9a-4aef-afb3-f495fca9a6bb,,126
31bb9d8f-c496-4403-9856-314424a564b8,Data engineer(Python),c83e576e-fa9a-4aef-afb3-f495fca9a6bb,UK,72
eb880d2a-3137-465a-b82e-48a3b18043e7,Python software(Data engineer),c83e576e-fa9a-4aef-afb3-f495fca9a6bb,DE,1
e8c0b42e-56e4-47e0-a2d8-8a2611608ec0,Senior data engineer,c83e576e-fa9a-4aef-afb3-f495fca9a6bb,UK,
9a6e3a8f-742e-4ea6-8285-fef0ede5498d,Senior data engineer,c83e576e-fa9a-4aef-afb3-f495fca9a6bb,DE,40
59146036-8922-4f20-a04a-d0533440cba3,Data engineer + ML,c83e576e-fa9a-4aef-afb3-f495fca9a6bb,DE,
1b8570f9-1908-4c6b-b933-77ff21821b3f,Senior data engineer,c83e576e-fa9a-4aef-afb3-f495fca9a6bb,UK,15
1bb3f89a-07a7-4a2c-a7dc-28209d3cd0f4,Data engineer(Senior),c83e576e-fa9a-4aef-afb3-f495fca9a6bb,,15
ea960a0f-3d43-4c80-86c2-674d77aebb6a,Data engineer(Python),c83e576e-fa9a-4aef-afb3-f495fca9a6bb,DE,52
2defc89c-bb02-4536-a020-3d7d28a6aa82,Data engineer,c83e576e-fa9a-4aef-afb3-f495fca9a6bb,DE,77
2b455664-c149-425e-90d4-23354160b753,Senior data engineer,c83e576e-fa9a-4aef-afb3-f495fca9a6bb,UK,60
7b4fa5e8-e2cf-44c2-9242-981886ac367a,Senior data engineer,c83e576e-fa9a-4aef-afb3-f495fca9a6bb,,10
058bb402-2392-4087-8cb1-566110bf8d4f,Senior data engineer,c83e576e-fa9a-4aef-afb3-f495fca9a6bb,DE,75
2eb5ad4c-6cb6-4474-84ed-73e882f5a4b4,Data engineer(Python),c83e576e-fa9a-4aef-afb3-f495fca9a6bb,DE,26
a4682c08-2d45-477c-b440-1b7ccbbb8150,Data engineer(Python),c83e576e-fa9a-4aef-afb3-f495fca9a6bb,UK,29
251fb9d8-d37e-41ec-8009-1232598d1a36,Data engineer(Senior),c83e576e-fa9a-4aef-afb3-f495fca9a6bb,UK,71
f2930ab4-3f57-4393-b1a7-85803303a35d,Data engineer(Python),c83e576e-fa9a-4aef-afb3-f495fca9a6bb,UK,35
0f73b9dc-6b94-41d9-909c-5350d78326fb,Junior data engineer,c83e576e-fa9a-4aef-afb3-f495fca9a6bb,UK,31
c96bce9a-12d2-49f2-8dac-dd228dcb0e79,Data engineer + ML,c83e576e-fa9a-4aef-afb3-f495fca9a6bb,DE,
4d52066d-570f-400a-97a4-811cf07111c6,Data engineer(Senior),c83e576e-fa9a-4aef-afb3-f495fca9a6bb,UK,20
41f1e82a-1f00-487e-93cc-1028162f5955,Data engineer(Senior),c83e576e-fa9a-4aef-afb3-f495fca9a6bb,DE,27
dc816559-42ad-4b3c-8971-2cdf71be453b,Python software(Data engineer),c83e576e-fa9a-4aef-afb3-f495fca9a6bb,UK,45
19f11ec1-e93f-4faf-8268-0af40d574f3a,Data engineer,c83e576e-fa9a-4aef-afb3-f495fca9a6bb,UK,11
494dd265-41e6-4ee5-a797-d2f055248be1,Senior data engineer,c83e576e-fa9a-4aef-afb3-f495fca9a6bb,DE,66
115c2a39-731a-44c1-befb-4c203a5e3571,Junior data engineer,c83e576e-fa9a-4aef-afb3-f495fca9a6bb,UK,8
74cd8865-da58-4a1c-a63f-f8a652737428,Data engineer,c83e576e-fa9a-4aef-afb3-f495fca9a6bb,UK,54
1991993a-9e57-4d0a-9ef1-541a4774fe4a,Data engineer + ML,c83e576e-fa9a-4aef-afb3-f495fca9a6bb,DE,137
82fd28e1-d4e8-4ef7-ba60-24716d8ad8c5,Data engineer,c83e576e-fa9a-4aef-afb3-f495fca9a6bb,UK,56
1c8b8c3e-9a7a-455b-8e9c-d7c01859b801,Python software(Data engineer),c83e576e-fa9a-4aef-afb3-f495fca9a6bb,,1
ef41960b-c8ce-4786-bbe5-af4227b912b4,Senior data engineer,c83e576e-fa9a-4aef-afb3-f495fca9a6bb,,
f365eaf2-d25d-4fa3-bf0e-8e0a74c0f252,Data engineer,c83e576e-fa9a-4aef-afb3-f495fca9a6bb,DE,13
848897f9-2a45-4f66-9f85-d0cf1ab1829d,Data engineer,c83e576e-fa9a-4aef-afb3-f495fca9a6bb,UK,73
e62a2b4b-0772-47ee-beeb-c61361c564da,Data engineer(Senior),c83e576e-fa9a-4aef-afb3-f495fca9a6bb,UK,17
f3077a20-ac2f-49ef-9360-b0630b58fa6d,Data engineer(Senior),c83e576e-fa9a-4aef-afb3-f495fca9a6bb,UK,17
3b753b1e-c4f0-4199-91a6-7688e8246008,Data engineer(Python),c83e576e-fa9a-4aef-afb3-f495fca9a6bb,UK,13
a8d8f1df-6097-4666-b140-7cb9e3f53855,Data engineer,c83e576e-fa9a-4aef-afb3-f495fca9a6bb,DE,16
00f796e0-c7ea-4700-af8f-5e7d4587dd9d,Data engineer + ML,c83e576e-fa9a-4aef-afb3-f495fca9a6bb,DE,5
42aaa666-5954-4b8d-99e6-e56f1eeab303,Senior data engineer,c83e576e-fa9a-4aef-afb3-f495fca9a6bb,DE,53
d2237c46-946e-4a65-a158-1a7225690a57,Junior data engineer,c83e576e-fa9a-4aef-afb3-f495fca9a6bb,UK,
b5303e5e-bd08-4ab9-bbec-21b1659dd81a,Data engineer(Python),c83e576e-fa9a-4aef-afb3-f495fca9a6bb,DE,
4c450631-7f7d-466f-b5b0-457c3b89364f,Senior data engineer,c83e576e-fa9a-4aef-afb3-f495fca9a6bb,DE,35
567d493b-1734-42ee-8983-df9cabc4881d,Data engineer + ML,c83e576e-fa9a-4aef-afb3-f495fca9a6bb,UK,73
170325b9-f4dd-4766-8684-2a0436d0a7ee,Data engineer(Python),c83e576e-fa9a-4aef-afb3-f495fca9a6bb,DE,
d1a909a6-d5c5-42b1-8ba2-ed1f9bcb0e10,Senior data engineer,c83e576e-fa9a-4aef-afb3-f495fca9a6bb,DE,1
b122b4fe-f53d-450d-85a2-f698985da1bc,Data engineer(Python),c83e576e-fa9a-4aef-afb3-f495fca9a6bb,DE,40
126dbc15-1d51-4afe-ad82-840eeb8aade7,Data engineer,c83e576e-fa9a-4aef-afb3-f495fca9a6bb,UK,27
bfdd5b21-915a-4f96-a6c4-a29fa685aa38,Junior data engineer,c83e576e-fa9a-4aef-afb3-f495fca9a6bb,UK,60
ba0b5f17-543d-4b2d-afe0-62a625a0f62f,Data engineer,c83e576e-fa9a-4aef-afb3-f495fca9a6bb,DE,57
75a41467-9e11-4c5e-9be0-bd3000d210d5,Data engineer,c83e576e-fa9a-4aef-afb3-f495fca9a6bb,DE,
7b419225-d412-487d-b62c-18fab2b813d9,Python software(Data engineer),c83e576e-fa9a-4aef-afb3-f495fca9a6bb,UK,55
171cf57f-d662-4dd2-b8e8-f7a2823bf0d4,Senior data engineer,c83e576e-fa9a-4aef-afb3-f495fca9a6bb,UK,13
439a3bc1-9a41-4694-93d0-4d6ea65e2be8,Data engineer(Python),c83e576e-fa9a-4aef-afb3-f495fca9a6bb,DE,
eab1cb0e-6a3a-43a6-b07e-152737052dab,Junior data engineer,c83e576e-fa9a-4aef-afb3-f495fca9a6bb,UK,17
d180f789-c675-4c54-ba19-f864077f2e90,Data engineer(Python),c83e576e-fa9a-4aef-afb3-f495fca9a6bb,DE,62
33f488bd-84c0-4028-b582-8eccd2fce5c5,Data engineer(Python),c83e576e-fa9a-4aef-afb3-f495fca9a6bb,,
be9bb7f6-5b53-444e-b6a0-f2d3e77ec57d,Data engineer(Senior),c83e576e-fa9a-4aef-afb3-f495fca9a6bb,DE,
1ccae647-641c-41ae-9a3a-f9e87e0f0d96,Data engineer,c83e576e-fa9a-4aef-afb3-f495fca9a6bb,DE,50
f3e41692-c131-443d-a75d-116f4ea0ad1b,Data engineer(Python),c83e576e-fa9a-4aef-afb3-f495fca9a6bb,UK,41
f685781a-7db7-4a46-a7f6-054a9a0965d2,Data engineer,c83e576e-fa9a-4aef-afb3-f495fca9a6bb,UK,62
a88b9386-40f9-4c35-a118-4331fd3af5c7,Python software(Data engineer),c83e576e-fa9a-4aef-afb3-f495fca9a6bb,DE,29
4d772707-28f1-4cd4-a229-9c747491ad33,Data engineer + ML,c83e576e-fa9a-4aef-afb3-f495fca9a6bb,UK,69
aa1eb93c-5f73-4cd5-88a9-a9861ee4d7b7,Data engineer(Python),c83e576e-fa9a-4aef-afb3-f495fca9a6bb,DE,
3076f02d-6363-41b8-950b-09b396ade55e,Data engineer(Senior),c83e576e-fa9a-4aef-afb3-f495fca9a6bb,DE,49
e7ac7727-6557-4aad-98c3-c216e3d6b5fc,Senior data engineer,c83e576e-fa9a-4aef-afb3-f495fca9a6bb,UK,19
bcd993c9-b551-4d19-a515-702832ce1bb4,Data engineer(Senior),c83e576e-fa9a-4aef-afb3-f495fca9a6bb,DE,67
5687a596-9e1e-4569-89e3-b12b5941ba54,Data engineer(Senior),c83e576e-fa9a-4aef-afb3-f495fca9a6bb,UK,11
f1474351-eecf-4c96-b1ed-34ce901b2cd7,Data engineer(Python),c83e576e-fa9a-4aef-afb3-f495fca9a6bb,UK,27
8dccb7ed-3152-4b3b-a82c-22bf4b9db982,Python software(Data engineer),c83e576e-fa9a-4aef-afb3-f495fca9a6bb,DE,16
6ce1a2ab-cd8a-4d29-9aa2-4f13d8b7b140,Junior data engineer,c83e576e-fa9a-4aef-afb3-f495fca9a6bb,DE,
af75b5d6-2e16-4280-95af-89b2d2a095c8,Python software(Data engineer),c83e576e-fa9a-4aef-afb3-f495fca9a6bb,DE,19
e4b5ff92-49b9-4840-83e3-a97d9815c036,Data engineer,c83e576e-fa9a-4aef-afb3-f495fca9a6bb,,40
04661f63-b4d6-4fca-bc5f-46eb88f4e077,Data engineer(Senior),c83e576e-fa9a-4aef-afb3-f495fca9a6bb,DE,124
f5413b35-8af6-48b6-ad3a-38ffa8975502,Data engineer(Senior),c83e576e-fa9a-4aef-afb3-f495fca9a6bb,,40
f686b587-d4bd-4a35-8748-ff6cef1d313a,Data engineer(Senior),c83e576e-fa9a-4aef-afb3-f495fca9a6bb,UK,
32ad796e-3be0-4be7-93d7-f420578bc5c0,Data engineer(Senior),c83e576e-fa9a-4aef-afb3-f495fca9a6bb,DE,
c2517034-9ecc-4e95-8041-ec3a8cca5dfe,Data engineer,c83e576e-fa9a-4aef-afb3-f495fca9a6bb,UK,15
d020bb60-bf3b-4ddd-8f18-5782b8835b18,Data engineer,c83e576e-fa9a-4aef-afb3-f495fca9a6bb,UK,75
7d036968-b155-4757-bf65-d17645843397,Junior data engineer,c83e576e-fa9a-4aef-afb3-f495fca9a6bb,UK,1
158945b9-8142-41b1-986e-954dae239319,Data engineer(Python),c83e576e-fa9a-4aef-afb3-f495fca9a6bb,UK,12
e573a764-4fd6-4db0-8361-1a20dca93b60,Senior data engineer,c83e576e-fa9a-4aef-afb3-f495fca9a6bb,DE,54
722ffaf5-6321-4bf1-8872-ffa47583125a,Data engineer,c83e576e-fa9a-4aef-afb3-f495fca9a6bb,DE,16
94aa687b-ec83-4857-8875-eb2745636c75,Junior data engineer,c83e576e-fa9a-4aef-afb3-f495fca9a6bb,UK,79
fdd6bdf9-25dc-4f58-9377-dd6c75755d6e,Senior data engineer,c83e576e-fa9a-4aef-afb3-f495fca9a6bb,UK,75
6d21d680-e5fa-47c3-bbd4-9e3f6eab4107,Junior data engineer,c83e576e-fa9a-4aef-afb3-f495fca9a6bb,DE,
d04516ff-a00e-4485-ad38-783364dc30d5,Data engineer(Python),c83e576e-fa9a-4aef-afb3-f495fca9a6bb,UK,29
0acf2080-372c-4a9a-a91c-2a56f69e836a,Data engineer,c83e576e-fa9a-4aef-afb3-f495fca9a6bb,UK,41
d3a460ce-7b32-4432-883b-795739d9e826,Data engineer(Python),c83e576e-fa9a-4aef-afb3-f495fca9a6bb,DE,1
3b3de7e4-7ea0-48d3-92d4-07c58dc0b8b2,Data engineer + ML,c83e576e-fa9a-4aef-afb3-f495fca9a6bb,DE,31
d4939d96-2b1e-43ab-975b-fee43d832553,Data engineer(Senior),c83e576e-fa9a-4aef-afb3-f495fca9a6bb,UK,60
f89fa049-6b3e-4986-bc4d-65f40aaa6eb6,Python software(Data engineer),c83e576e-fa9a-4aef-afb3-f495fca9a6bb,,79
c27b2a6c-3418-435d-8209-8077821c6c57,Senior data engineer,c83e576e-fa9a-4aef-afb3-f495fca9a6bb,UK,57
d5962cce-2025-465f-828c-3b0a8f7243d0,Junior data engineer,c83e576e-fa9a-4aef-afb3-f495fca9a6bb,DE,59
49b14e06-359d-44e7-993e-e5a632733b1f,Junior data engineer,c83e576e-fa9a-4aef-afb3-f495fca9a6bb,DE,10
42237330-3d5b-4eee-b6b5-2d6fa4027e28,Python software(Data engineer),c83e576e-fa9a-4aef-afb3-f495fca9a6bb,DE,23
8ee6b9be-a378-45b9-9ffb-184956e78a4b,Data engineer(Python),c83e576e-fa9a-4aef-afb3-f495fca9a6bb,,28
956aec8f-30dc-40dd-bf03-b69f21afbc38,Python software(Data engineer),c83e576e-fa9a-4aef-afb3-f495fca9a6bb,UK,127
4d1d88d7-9c4b-41c0-81bd-e957afd88b9f,Python software(Data engineer),c83e576e-fa9a-4aef-afb3-f495fca9a6bb,DE,
2653eb27-16c9-4525-9491-43420fbb1cb8,Data engineer + ML,c83e576e-fa9a-4aef-afb3-f495fca9a6bb,UK,
c4d8b8cc-1b22-4284-ac7e-0e88bf7565f8,Senior data engineer,c83e576e-fa9a-4aef-afb3-f495fca9a6bb,UK,78
47949c54-a762-484a-badf-dbdfb2a78cb7,Python software(Data engineer),c83e576e-fa9a-4aef-afb3-f495fca9a6bb,DE,
c5f9f6b6-7a35-4852-9432-d3836aab2dc1,Python software(Data engineer),c83e576e-fa9a-4aef-afb3-f495fca9a6bb,UK,17
ee4bb45e-c91d-4d72-b87a-47534edb8256,Data engineer + ML,c83e576e-fa9a-4aef-afb3-f495fca9a6bb,UK,72
e59105a7-8d68-41c6-a3f1-10668319f3fd,Data engineer,c83e576e-fa9a-4aef-afb3-f495fca9a6bb,,
eefbcf65-dfd6-4594-9ed7-93211cd66374,Data engineer(Senior),c83e576e-fa9a-4aef-afb3-f495fca9a6bb,UK,140
d16b13f2-f6a5-4879-b527-e68a4d588f20,Data engineer(Python),c83e576e-fa9a-4aef-afb3-f495fca9a6bb,UK,17
cac94333-646a-4d79-a259-64fd7dbdff0d,Data engineer + ML,c83e576e-fa9a-4aef-afb3-f495fca9a6bb,DE,65
fc6c6d45-379d-4893-bffa-71987313330b,Python software(Data engineer),c83e576e-fa9a-4aef-afb3-f495fca9a6bb,UK,24
83f11822-8e21-447f-94e6-de801127252d,Senior data engineer,c83e576e-fa9a-4aef-afb3-f495fca9a6bb,UK,
c4528c3c-9ac2-4e11-9b6d-06c6ed719624,Data engineer + ML,c83e576e-fa9a-4aef-afb3-f495fca9a6bb,DE,
5d6d3f6f-65bd-42e8-875b-3220f9bcd120,Data engineer + ML,c83e576e-fa9a-4aef-afb3-f495fca9a6bb,DE,51
fdf533a7-9be8-45a3-b9d5-64b82f2e7144,Data engineer(Senior),c83e576e-fa9a-4aef-afb3-f495fca9a6bb,DE,76
2ef7f028-2e43-4ec8-8665-008009f0ad9d,Senior data engineer,c83e576e-fa9a-4aef-afb3-f495fca9a6bb,UK,67
2a94a39d-58fe-4bb9-941e-8c053c6bab07,Junior data engineer,c83e576e-fa9a-4aef-afb3-f495fca9a6bb,DE,67
ac23f841-a1da-414a-8a2b-b377ef644035,Data engineer(Senior),c83e576e-fa9a-4aef-afb3-f495fca9a6bb,UK,49
26d11a72-14f6-4110-98bc-b024422f23dd,Data engineer + ML,c83e576e-fa9a-4aef-afb3-f495fca9a6bb,DE,
70d88fdc-70b4-4e9a-998c-59888e8a6fc0,Data engineer(Python),c83e576e-fa9a-4aef-afb3-f495fca9a6bb,,47
5e9aff8c-332a-4ac3-82a5-d03fb94ad1a8,Junior data engineer,c83e576e-fa9a-4aef-afb3-f495fca9a6bb,UK,
510f4a5e-1bf8-4a49-9cad-a2b117ba6026,Junior data engineer,c83e576e-fa9a-4aef-afb3-f495fca9a6bb,UK,32
da35d55c-6321-4dbd-9010-47eeb8409ca8,Data engineer(Python),c83e576e-fa9a-4aef-afb3-f495fca9a6bb,UK,38
7589af59-c01d-4cac-beea-a85be5c5586b,Data engineer,c83e576e-fa9a-4aef-afb3-f495fca9a6bb,UK,43
6f2edac8-5020-4549-afa3-4aa54d3a1587,Data engineer + ML,c83e576e-fa9a-4aef-afb3-f495fca9a6bb,,33
21f9661b-74d5-4bea-b1e3-b29f6c74aa32,Data engineer + ML,c83e576e-fa9a-4aef-afb3-f495fca9a6bb,DE,
b1ef48b2-50d0-430d-bbb1-d371967a6828,Data engineer(Senior),c83e576e-fa9a-4aef-afb3-f495fca9a6bb,UK,7
f4cf3cb8-2720-4ff4-b321-075210721ff9,Data engineer + ML,c83e576e-fa9a-4aef-afb3-f495fca9a6bb,DE,59
bbfbeda8-f3b7-4ff3-a699-9f08c8ab53bb,Data engineer + ML,c83e576e-fa9a-4aef-afb3-f495fca9a6bb,UK,50
a657cbaa-3048-4781-81d4-e223a29edb17,Junior data engineer,c83e576e-fa9a-4aef-afb3-f495fca9a6bb,UK,26
74a2399a-e334-42b9-ac10-7ef83427a488,Data engineer(Python),c83e576e-fa9a-4aef-afb3-f495fca9a6bb,DE,15
98a62a4e-2949-4f6d-b735-83c27fcc523d,Senior data engineer,c83e576e-fa9a-4aef-afb3-f495fca9a6bb,DE,20
14641e59-2e07-4e51-8e2b-8421ee6378c6,Data engineer(Python),c83e576e-fa9a-4aef-afb3-f495fca9a6bb,UK,34
c323851c-85b5-4f98-8730-d2621dc5a17b,Junior data engineer,c83e576e-fa9a-4aef-afb3-f495fca9a6bb,DE,
c31da286-01fa-4dcc-951d-9c120c5e921c,Senior data engineer,c83e576e-fa9a-4aef-afb3-f495fca9a6bb,DE,71
bcc2ffea-d2a9-4fdf-b81d-d6b47889a3ce,Data engineer,c83e576e-fa9a-4aef-afb3-f495fca9a6bb,DE,13
4860ca5e-3719-4651-af69-9efff3580596,Data engineer(Senior),c83e576e-fa9a-4aef-afb3-f495fca9a6bb,DE,148
35886bf3-75c4-44c8-86d5-c4c4fa583e30,Senior data engineer,c83e576e-fa9a-4aef-afb3-f495fca9a6bb,DE,46
50ff5721-810f-48bf-8f76-2a2d3b5d33fb,Python software(Data engineer),c83e576e-fa9a-4aef-afb3-f495fca9a6bb,UK,33
6989361b-0d08-40af-9dc7-e69141b252d4,Python software(Data engineer),c83e576e-fa9a-4aef-afb3-f495fca9a6bb,UK,46
fd8005fb-3e2c-4b26-ae5c-698f27163d7c,Data engineer + ML,c83e576e-fa9a-4aef-afb3-f495fca9a6bb,UK,1
b3edcc07-b612-4788-a92a-e6a698fc9531,Junior data engineer,c83e576e-fa9a-4aef-afb3-f495fca9a6bb,UK,61
926bb2cc-1bfc-4ecd-acb8-15421eb40b4c,Data engineer(Python),c83e576e-fa9a-4aef-afb3-f495fca9a6bb,DE,21
11712176-f30a-4ed2-b96b-609c4cd5430d,Python software(Data engineer),c83e576e-fa9a-4aef-afb3-f495fca9a6bb,UK,5
474a432d-2b54-4947-a940-aecc5b6799ed,Junior data engineer,c83e576e-fa9a-4aef-afb3-f495fca9a6bb,DE,36
fdd7e5ab-2281-4bfa-9780-5f6bbc2d218b,Data engineer(Senior),c83e576e-fa9a-4aef-afb3-f495fca9a6bb,UK,
9aad4e42-53b8-42a5-ac43-2ebdcbd9ab7f,Data engineer + ML,c83e576e-fa9a-4aef-afb3-f495fca9a6bb,DE,26
3a745cab-cc03-4e99-83a4-2aedf540ad7c,Data engineer,c83e576e-fa9a-4aef-afb3-f495fca9a6bb,,
ef7ec261-4dd8-4147-9faa-4a0272168474,Data engineer + ML,c83e576e-fa9a-4aef-afb3-f495fca9a6bb,DE,35
c85e1ef8-9c2b-430b-ab3d-f676c9488404,Junior data engineer,c83e576e-fa9a-4aef-afb3-f495fca9a6bb,UK,54
8bcf9dbf-9f36-4579-8010-00d0b7bdc192,Junior data engineer,c83e576e-fa9a-4aef-afb3-f495fca9a6bb,UK,
170621a3-f205-40c3-a6c4-7da543661bff,Data engineer(Python),c83e576e-fa9a-4aef-afb3-f495fca9a6bb,UK,15
30f723ee-bbf1-4b9b-96a5-8dacfc3d586f,Junior data engineer,c83e576e-fa9a-4aef-afb3-f495fca9a6bb,DE,
3339d708-2753-4f69-9b2f-3fec29871259,Data engineer,c83e576e-fa9a-4aef-afb3-f495fca9a6bb,DE,69
da11c55b-997f-4494-9a67-62a69d392d51,Data engineer(Python),c83e576e-fa9a-4aef-afb3-f495fca9a6bb,UK,51
68aa421b-473a-499f-aaf7-f1671014a7e4,Data engineer,c83e576e-fa9a-4aef-afb3-f495fca9a6bb,UK,75
fefb3c77-67a3-492a-a891-cdfc15ae6b00,Data engineer(Senior),c83e576e-fa9a-4aef-afb3-f495fca9a6bb,UK,
f8048e2a-a5de-4643-a8bb-0531f3748279,Data engineer + ML,c83e576e-fa9a-4aef-afb3-f495fca9a6bb,UK,80
c8923df7-600f-4cab-9ec9-c1cdca7daf14,Junior data engineer,c83e576e-fa9a-4aef-afb3-f495fca9a6bb,DE,67
bdbed2bf-d466-4c41-9e97-696d72e101d8,Senior data engineer,c83e576e-fa9a-4aef-afb3-f495fca9a6bb,,19
8a0c398f-c98c-44ec-9a21-8083b65ec357,Data engineer,c83e576e-fa9a-4aef-afb3-f495fca9a6bb,DE,77
cf7883a8-2edc-4d1d-be04-f1e5aa984cb3,Python software(Data engineer),c83e576e-fa9a-4aef-afb3-f495fca9a6bb,DE,37
13bb90c1-5fb8-4401-a7af-a8e540aed663,Data engineer + ML,c83e576e-fa9a-4aef-afb3-f495fca9a6bb,,21
eb5b67ad-ecee-4517-8f6a-78c4a0d2bf1a,Python software(Data engineer),c83e576e-fa9a-4aef-afb3-f495fca9a6bb,DE,126
0782c405-ea80-4d44-80d5-9d86a6534bbb,Senior data engineer,c83e576e-fa9a-4aef-afb3-f495fca9a6bb,DE,10
71e0e4c5-7fa2-4fd7-965c-f55ab136a41a,Data engineer(Python),c83e576e-fa9a-4aef-afb3-f495fca9a6bb,DE,
9f198504-e3cb-4847-b5ec-3c616df6bca8,Senior data engineer,c83e576e-fa9a-4aef-afb3-f495fca9a6bb,UK,145
261d4378-f22c-4cf0-9250-5a1434cbad43,Data engineer + ML,c83e576e-fa9a-4aef-afb3-f495fca9a6bb,,54
4e22c3fe-c686-46dd-9447-7d6a0fbc9d24,Data engineer(Python),c83e576e-fa9a-4aef-afb3-f495fca9a6bb,DE,47
1f3fe990-0b09-4d7c-a3f9-d54e86d7938e,Data engineer + ML,c83e576e-fa9a-4aef-afb3-f495fca9a6bb,DE,65
8a20f65c-ef84-47af-b2b2-b20c47722c09,Python software(Data engineer),c83e576e-fa9a-4aef-afb3-f495fca9a6bb,UK,1
87ef1f46-c33b-462a-ba77-7d9e6078deca,Junior data engineer,c83e576e-fa9a-4aef-afb3-f495fca9a6bb,DE,77
1fff7fde-b1e0-4f2d-b40e-5b363a9f2370,Data engineer + ML,c83e576e-fa9a-4aef-afb3-f495fca9a6bb,UK,12
9f9cbfee-c923-4ae1-9445-51976c743a42,Python software(Data engineer),c83e576e-fa9a-4aef-afb3-f495fca9a6bb,DE,5
d9004fe1-8de5-4131-a60b-d223b1b0c18f,Python software(Data engineer),c83e576e-fa9a-4aef-afb3-f495fca9a6bb,UK,44
bd30d251-4449-4d4c-90c7-156156e8ea5d,Python software(Data engineer),c83e576e-fa9a-4aef-afb3-f495fca9a6bb,UK,74
ded68f58-6b92-49c8-8111-746843e52b40,Senior data engineer,c83e576e-fa9a-4aef-afb3-f495fca9a6bb,UK,36
f5d6895c-811f-4036-8389-d119eaf7d517,Data engineer(Senior),c83e576e-fa9a-4aef-afb3-f495fca9a6bb,DE,
e3b7a989-8d91-4bd2-aaee-61757de34d04,Data engineer + ML,c83e576e-fa9a-4aef-afb3-f495fca9a6bb,DE,13
edb49358-3ae5-4809-8765-d8ab99031461,Data engineer,c83e576e-fa9a-4aef-afb3-f495fca9a6bb,DE,
0744e814-5065-41ce-83d4-2d85cc681bb1,Data engineer(Python),c83e576e-fa9a-4aef-afb3-f495fca9a6bb,DE,
db750a49-7cf9-4930-8f7b-e94384e5f6a2,Data engineer(Python),c83e576e-fa9a-4aef-afb3-f495fca9a6bb,DE,28
6a0c3088-eb30-46d2-b57d-95d259a62b2b,Data engineer,c83e576e-fa9a-4aef-afb3-f495fca9a6bb,UK,24
750d0ff7-9698-4ff3-8608-c12a2b2699c2,Junior data engineer,c83e576e-fa9a-4aef-afb3-f495fca9a6bb,UK,36
6f36e293-4f69-4111-b05a-24f845b2a41d,Python software(Data engineer),c83e576e-fa9a-4aef-afb3-f495fca9a6bb,UK,37
bad322bf-ae22-4f64-b6ea-18cba1c62854,Data engineer(Senior),c83e576e-fa9a-4aef-afb3-f495fca9a6bb,UK,21
6544e8a3-c720-48d1-9986-9d9d59811662,Data engineer(Python),c83e576e-fa9a-4aef-afb3-f495fca9a6bb,DE,66
4ef5b93a-8224-44ad-95bb-7aa904767e8a,Junior data engineer,c83e576e-fa9a-4aef-afb3-f495fca9a6bb,UK,10
41549a61-6840-4919-b664-c3479dd908be,Data engineer(Senior),c83e576e-fa9a-4aef-afb3-f495fca9a6bb,DE,7
5312c624-4cca-4b99-b367-fb655d473771,Data engineer(Senior),c83e576e-fa9a-4aef-afb3-f495fca9a6bb,UK,60
2fb250d2-3a50-4be8-9dd9-ef5bba981af1,Junior data engineer,c83e576e-fa9a-4aef-afb3-f495fca9a6bb,DE,43
3b24cd31-5504-4105-b621-b97a98745e50,Data engineer(Python),c83e576e-fa9a-4aef-afb3-f495fca9a6bb,DE,
3a2fc264-32db-469e-b566-7536895a50e9,Data engineer(Python),c83e576e-fa9a-4aef-afb3-f495fca9a6bb,DE,55
048a12b4-8721-413e-b4f2-ded2dcbcd49d,Python software(Data engineer),c83e576e-fa9a-4aef-afb3-f495fca9a6bb,DE,
22626e2d-2273-4dc6-9ba2-13aab3199e61,Data engineer(Python),c83e576e-fa9a-4aef-afb3-f495fca9a6bb,UK,63
922c23c0-7185-49ae-9505-5c6e6b4b3e59,Senior data engineer,c83e576e-fa9a-4aef-afb3-f495fca9a6bb,UK,78
b28a8d6a-804e-4f7d-a06b-e3d9d0d73b8f,Senior data engineer,c83e576e-fa9a-4aef-afb3-f495fca9a6bb,UK,39
58e28115-d8ea-4e92-acb5-cae4d55d5194,Python software(Data engineer),c83e576e-fa9a-4aef-afb3-f495fca9a6bb,UK,40
9863dd8c-d8f9-4c52-8a83-d24316216155,Junior data engineer,c83e576e-fa9a-4aef-afb3-f495fca9a6bb,UK,63
db58e7ce-41fa-4d6d-83e4-da7e1ec1d019,Driver,ade42b55-7885-4542-ba10-b31c87235fa9,UK,
66b59ac0-17cb-4828-9d23-1e6a1398bc6f,Truck driver,ade42b55-7885-4542-ba10-b31c87235fa9,DE,74
b8f7ca40-1125-418a-8bd8-09721ff016f7,Truck driver,ade42b55-7885-4542-ba10-b31c87235fa9,UK,21
174d7d1a-e1c2-4cae-b403-45ebfd4838c6,Truck driver,ade42b55-7885-4542-ba10-b31c87235fa9,DE,11
c80b05e7-ff1e-4d13-a917-b26d01231b6d,Truck driver,ade42b55-7885-4542-ba10-b31c87235fa9,DE,67
60530fec-9492-472d-988f-a0c0980b540e,Truck driver,ade42b55-7885-4542-ba10-b31c87235fa9,DE,12
bc665f1b-8a5a-475b-975d-968ea86830ba,Truck driver,ade42b55-7885-4542-ba10-b31c87235fa9,UK,127
b3f7d8e5-6af6-4f7f-a0ea-c02e868e513e,Truck driver,ade42b55-7885-4542-ba10-b31c87235fa9,DE,72
0e012330-f5dd-4404-846a-ea6958503f42,Driver,ade42b55-7885-4542-ba10-b31c87235fa9,UK,
fdb3089f-41c9-44b9-a6fe-79515835cbe4,Truck driver,ade42b55-7885-4542-ba10-b31c87235fa9,UK,43
7e38f474-af61-4300-936a-782f02182bd1,Senior Python developer,5affc1b4-1d9f-4dec-b404-876f3d9977a0,UK,1
3ebe6430-9fbf-4b29-9f0e-9a4ae58f9850,Python developer,5affc1b4-1d9f-4dec-b404-876f3d9977a0,UK,78
b8ca8a85-dda9-49d9-ab95-af2d524a0dd1,Developer(Python),5affc1b4-1d9f-4dec-b404-876f3d9977a0,UK,
ddbceb48-c6c2-4c02-9126-871e6f218421,Developer(Python),5affc1b4-1d9f-4dec-b404-876f3d9977a0,UK,17
8f71bb01-90e1-4a40-b36f-d77242386702,Python developer,5affc1b4-1d9f-4dec-b404-876f3d9977a0,DE,21
da0519d4-81db-48b9-84a2-38c049d84832,Senior Python developer,5affc1b4-1d9f-4dec-b404-876f3d9977a0,DE,68
d24a17c0-5378-40d0-b799-f40fde690b72,Python developer,5affc1b4-1d9f-4dec-b404-876f3d9977a0,DE,44
9ce3b7a8-5b8c-4e88-bfb9-f8be4d35e490,Python developer,5affc1b4-1d9f-4dec-b404-876f3d9977a0,DE,10
3de956a6-2e2c-4cc3-810a-b230aabe24db,Developer(Python),5affc1b4-1d9f-4dec-b404-876f3d9977a0,DE,6
c15529a9-117f-4f99-8db1-f7bfc117ae60,Python developer,5affc1b4-1d9f-4dec-b404-876f3d9977a0,UK,
c478feca-8e2b-4b1d-bb72-2422159b76fb,Developer(Python),5affc1b4-1d9f-4dec-b404-876f3d9977a0,DE,73
45299d19-3fba-4673-a7b4-b488f4dd5ed8,Python developer,5affc1b4-1d9f-4dec-b404-876f3d9977a0,DE,
ce06b787-e9e4-4980-8594-6a7285852e1e,Python developer,5affc1b4-1d9f-4dec-b404-876f3d9977a0,DE,6
5f75b234-8834-47ea-bb49-5e7e21b4ac69,Developer(Python),5affc1b4-1d9f-4dec-b404-876f3d9977a0,,53
a22fa07e-3c22-405d-bdf3-ef78a04d738b,Senior Python developer,5affc1b4-1d9f-4dec-b404-876f3d9977a0,DE,22
ba5de945-c7e5-49c8-a56b-8d4f228809ce,Developer(Python),5affc1b4-1d9f-4dec-b404-876f3d9977a0,UK,12
55301171-b800-4d1e-b431-e5b059574ed9,Senior Python developer,5affc1b4-1d9f-4dec-b404-876f3d9977a0,UK,1
d59fab1e-b4ff-4239-97d6-ca4f4ae0d6b3,Python developer,5affc1b4-1d9f-4dec-b404-876f3d9977a0,DE,19
ef544c89-6888-4938-97a4-abb7c8e9ab4d,Python software developer,5affc1b4-1d9f-4dec-b404-876f3d9977a0,UK,19
65dcaad6-78e6-493c-8452-70eb66e0965e,Developer(Python),5affc1b4-1d9f-4dec-b404-876f3d9977a0,UK,54
381c354f-9828-4432-ac02-c3c633677a92,Senior Python developer,5affc1b4-1d9f-4dec-b404-876f3d9977a0,DE,24
cf81365a-bd56-4794-8c32-6b8001c37a4b,Senior Python developer,5affc1b4-1d9f-4dec-b404-876f3d9977a0,UK,19
04674969-9ae4-471b-a6e2-42a3bba9069d,Junior python developer,5affc1b4-1d9f-4dec-b404-876f3d9977a0,DE,80
6e7a4a68-7366-4eb5-b93c-8799361f49a1,Developer(Python),5affc1b4-1d9f-4dec-b404-876f3d9977a0,UK,6
92eec5f5-1199-4510-96e6-1b3f390eca50,Python software developer,5affc1b4-1d9f-4dec-b404-876f3d9977a0,DE,24
b557f684-4f3a-4d87-be6e-b0f41c42d25d,Python developer,5affc1b4-1d9f-4dec-b404-876f3d9977a0,DE,29
4f28a2ef-9c21-4ea9-bc02-9feff12734b6,Developer(Python),5affc1b4-1d9f-4dec-b404-876f3d9977a0,UK,55
2d8a7b71-972c-4cdf-8c23-63db93da132a,Junior python developer,5affc1b4-1d9f-4dec-b404-876f3d9977a0,DE,33
6384687e-025c-48e3-b968-1f5959b848f1,Python software developer,5affc1b4-1d9f-4dec-b404-876f3d9977a0,DE,26
94c15a0c-39d7-4dc1-a53f-85b97e2566cd,Developer(Python),5affc1b4-1d9f-4dec-b404-876f3d9977a0,DE,
3a5665e3-404a-420d-a2b9-36b436602d26,Senior Python developer,5affc1b4-1d9f-4dec-b404-876f3d9977a0,DE,22
afb1ad21-8931-46b5-abbd-9d7eb6f1bbdb,Python developer,5affc1b4-1d9f-4dec-b404-876f3d9977a0,UK,68
6306d0b0-1c9e-45a8-9c7c-81276d057044,Senior Python developer,5affc1b4-1d9f-4dec-b404-876f3d9977a0,DE,34
818e4b21-213b-4eff-a0aa-30158e96f1d4,Python developer,5affc1b4-1d9f-4dec-b404-876f3d9977a0,DE,7
ad315a5a-1cdd-4f79-862b-661060d824f8,Senior Python developer,5affc1b4-1d9f-4dec-b404-876f3d9977a0,UK,1
370d9512-7aa1-4128-b692-02e763fbff2b,Junior python developer,5affc1b4-1d9f-4dec-b404-876f3d9977a0,UK,124
7bee7e01-a1e7-4a8c-b86b-0b90e37cdc9d,Junior python developer,5affc1b4-1d9f-4dec-b404-876f3d9977a0,UK,24
115dbdcc-7ae6-4b19-8ce8-2f0ee1d452f2,Senior Python developer,5affc1b4-1d9f-4dec-b404-876f3d9977a0,DE,53
7741fab8-069f-45eb-90e4-2a75de82b71d,Developer(Python),5affc1b4-1d9f-4dec-b404-876f3d9977a0,DE,52
fcf14cca-d66d-4ce4-aa61-020d1a2a8a8c,Senior Python developer,5affc1b4-1d9f-4dec-b404-876f3d9977a0,DE,76
fbcd7afd-3a52-4fb8-ab73-e207ad526b7e,Developer(Python),5affc1b4-1d9f-4dec-b404-876f3d9977a0,,
77c9de10-f93e-4b2b-a80d-7963a58e06cf,Python developer,5affc1b4-1d9f-4dec-b404-876f3d9977a0,UK,38
953fafc1-de2a-4975-a1a1-d918da740f6d,Developer(Python),5affc1b4-1d9f-4dec-b404-876f3d9977a0,,27
87891afc-87d9-4d08-8ce5-2b7da3b663c7,Python developer,5affc1b4-1d9f-4dec-b404-876f3d9977a0,,42
f2b5e76f-85f4-40f1-abcd-154af26d9093,Junior python developer,5affc1b4-1d9f-4dec-b404-876f3d9977a0,DE,134
9ee8193d-7e74-4724-b3b3-6fd0eea35897,Developer(Python),5affc1b4-1d9f-4dec-b404-876f3d9977a0,DE,51
74dfdab0-66e0-4e5b-89ed-b15a93e41192,Junior python developer,5affc1b4-1d9f-4dec-b404-876f3d9977a0,,76
edcbf605-d43f-447a-8e10-d35b4f1ff0fb,Senior Python developer,5affc1b4-1d9f-4dec-b404-876f3d9977a0,DE,46
251c3266-5b86-479a-a8f2-6aae118949ae,Python software developer,5affc1b4-1d9f-4dec-b404-876f3d9977a0,UK,7
71b9436b-5de5-4d70-bcf3-6a3553976cc5,Senior Python developer,5affc1b4-1d9f-4dec-b404-876f3d9977a0,DE,50
80439448-f520-4b56-8190-740673310519,Python software developer,5affc1b4-1d9f-4dec-b404-876f3d9977a0,UK,20
06006db4-c3a6-41d4-956e-1ba802f1483b,Python software developer,5affc1b4-1d9f-4dec-b404-876f3d9977a0,UK,69
6a3dc58d-70fd-44f5-a87f-7ba028d6f40b,Junior python developer,5affc1b4-1d9f-4dec-b404-876f3d9977a0,UK,44
e665050a-c805-46c1-be26-3695a0a77464,Senior Python developer,5affc1b4-1d9f-4dec-b404-876f3d9977a0,DE,31
aa8ff94f-faf2-4794-b407-d49817c1af3e,Python software developer,5affc1b4-1d9f-4dec-b404-876f3d9977a0,UK,16
e43e9785-319f-4273-8f22-a27ccaeea6c5,Junior python developer,5affc1b4-1d9f-4dec-b404-876f3d9977a0,DE,67
f2c1f6fe-4c91-4c3c-89e5-bd65c695115b,Python software developer,5affc1b4-1d9f-4dec-b404-876f3d9977a0,DE,144
730e7d16-8a99-4718-83c1-300d2f0f0dcc,Developer(Python),5affc1b4-1d9f-4dec-b404-876f3d9977a0,UK,
e834b63e-6f69-4b6b-b876-24a4df9e43b2,Developer(Python),5affc1b4-1d9f-4dec-b404-876f3d9977a0,,56
ae886be4-e0ed-4e5c-819e-37a93507342e,Senior Python developer,5affc1b4-1d9f-4dec-b404-876f3d9977a0,DE,51
98f0af53-35cd-47a9-aeef-3190ca54cab2,Python developer,5affc1b4-1d9f-4dec-b404-876f3d9977a0,,15
c9b30405-0d63-40ce-a50a-2d714113d38e,Python software developer,5affc1b4-1d9f-4dec-b404-876f3d9977a0,UK,128
948bedd6-e554-4600-bb6c-09315caf1b90,Python developer,5affc1b4-1d9f-4dec-b404-876f3d9977a0,UK,65
50bd0d70-2feb-4f49-9b73-fcf8e6a581fa,Python software developer,5affc1b4-1d9f-4dec-b404-876f3d9977a0,UK,60
1c501bdd-86f6-4a92-828a-f79a781472ec,Python software developer,5affc1b4-1d9f-4dec-b404-876f3d9977a0,UK,62
8b4839f0-9fcf-45df-b19e-ea9a1b9441ad,Developer(Python),5affc1b4-1d9f-4dec-b404-876f3d9977a0,UK,64
9cb517ed-add0-4b3e-980d-d2a06453a3e2,Python developer,5affc1b4-1d9f-4dec-b404-876f3d9977a0,UK,54
ff450734-fc44-4bf0-aca0-e55dc6fa5455,Python developer,5affc1b4-1d9f-4dec-b404-876f3d9977a0,DE,26
f26b9ec7-e696-4754-971e-6fcae868a4f8,Junior python developer,5affc1b4-1d9f-4dec-b404-876f3d9977a0,,46
70f9fab0-e3af-4abc-a52d-57e0f0f826f0,Senior Python developer,5affc1b4-1d9f-4dec-b404-876f3d9977a0,DE,34
1cbee4ef-6908-4a8f-bea3-8470f8415e77,Python developer,5affc1b4-1d9f-4dec-b404-876f3d9977a0,UK,32
08c1ee42-83a3-4f10-8078-bec2038c3950,Junior python developer,5affc1b4-1d9f-4dec-b404-876f3d9977a0,UK,1
7a10f9a1-e7ba-4789-ab6a-c9809b346204,Developer(Python),5affc1b4-1d9f-4dec-b404-876f3d9977a0,UK,
37618894-3fd9-4d1f-804b-4c3ea5318262,Python developer,5affc1b4-1d9f-4dec-b404-876f3d9977a0,UK,123
72be0c75-d701-4ec2-9be9-2e5f5e461282,Python software developer,5affc1b4-1d9f-4dec-b404-876f3d9977a0,DE,19
3e92e7ed-c07f-4244-9009-62125b1f6a97,Senior Python developer,5affc1b4-1d9f-4dec-b404-876f3d9977a0,DE,1
26597fb4-8bcd-4544-a756-e22bae03b570,Python software developer,5affc1b4-1d9f-4dec-b404-876f3d9977a0,UK,
1b6793aa-a6c4-4e74-9ae6-be23c315772e,Python developer,5affc1b4-1d9f-4dec-b404-876f3d9977a0,UK,30
6b7786d9-ac2c-4a4c-a1dd-10aead7f42c6,Python developer,5affc1b4-1d9f-4dec-b404-876f3d9977a0,DE,133
ebfe5049-a4a4-41a7-be89-b885a7330ec3,Senior Python developer,5affc1b4-1d9f-4dec-b404-876f3d9977a0,UK,64
d877cb15-a560-4440-984d-550a55fae167,Developer(Python),5affc1b4-1d9f-4dec-b404-876f3d9977a0,UK,62
ea472df9-2d66-4760-a67a-370d24fde061,Developer(Python),5affc1b4-1d9f-4dec-b404-876f3d9977a0,UK,21
90c297a9-e887-4e3f-87e5-23e94f4076b6,Junior python developer,5affc1b4-1d9f-4dec-b404-876f3d9977a0,,79
ade1c0c7-84cd-471f-bb70-5128ac383090,Python software developer,5affc1b4-1d9f-4dec-b404-876f3d9977a0,DE,13
01736ceb-fc71-4be3-88ff-fd063e297e6a,Junior python developer,5affc1b4-1d9f-4dec-b404-876f3d9977a0,UK,35
8b6819f4-8b71-4db6-9ead-8694ee4fe903,Senior Python developer,5affc1b4-1d9f-4dec-b404-876f3d9977a0,UK,
5b57fe7c-d0c3-4013-89b4-fce3e559ae12,Python software developer,5affc1b4-1d9f-4dec-b404-876f3d9977a0,,56
1b8ac217-ea3e-4791-921c-481225ec7278,Developer(Python),5affc1b4-1d9f-4dec-b404-876f3d9977a0,DE,1
9651ca4d-293a-4659-8ed2-41d5a7cd3877,Junior python developer,5affc1b4-1d9f-4dec-b404-876f3d9977a0,UK,10
b0457699-0e38-445f-b8f6-0d033f78baef,Developer(Python),5affc1b4-1d9f-4dec-b404-876f3d9977a0,DE,70
a4a137c4-4a49-4d3f-821e-fa4f04a440a4,Developer(Python),5affc1b4-1d9f-4dec-b404-876f3d9977a0,DE,
2346c22b-e717-4f40-a14c-0c8ed43c781b,Junior python developer,5affc1b4-1d9f-4dec-b404-876f3d9977a0,DE,68
66b31f48-8282-47a6-8bb8-eb1b5e9e56a6,Junior python developer,5affc1b4-1d9f-4dec-b404-876f3d9977a0,UK,43
0dce6d1d-140e-4b32-b72f-a76b927ac7e4,Python software developer,5affc1b4-1d9f-4dec-b404-876f3d9977a0,UK,
89052bd4-22a3-4226-a49a-d60a7b28f5fa,Python developer,5affc1b4-1d9f-4dec-b404-876f3d9977a0,DE,
386e3e03-a606-4eec-bc9d-9e9225d2316e,Python developer,5affc1b4-1d9f-4dec-b404-876f3d9977a0,,40
28941e54-9999-45b8-89de-0c9ff1767efa,Senior Python developer,5affc1b4-1d9f-4dec-b404-876f3d9977a0,DE,30
10436397-a8e6-4cda-b41b-4aa2ad6cc373,Junior python developer,5affc1b4-1d9f-4dec-b404-876f3d9977a0,UK,71
23d91868-f166-4878-9b5e-af75ed4ce562,Developer(Python),5affc1b4-1d9f-4dec-b404-876f3d9977a0,,
77e84047-0567-490c-89d1-18b3a6e7d3cb,Python software developer,5affc1b4-1d9f-4dec-b404-876f3d9977a0,DE,1
d52526fe-965c-4c89-9e67-47b59646ed93,Senior Python developer,5affc1b4-1d9f-4dec-b404-876f3d9977a0,UK,
53bd99c3-c1a7-4140-8298-3988c494f4f4,Senior Python developer,5affc1b4-1d9f-4dec-b404-876f3d9977a0,UK,1
dd0975f5-4e1d-4dd3-85dc-8dd65f04bd81,Junior python developer,5affc1b4-1d9f-4dec-b404-876f3d9977a0,UK,142
a2beb0e6-1c3b-4947-9205-1469d244e01e,Python software developer,5affc1b4-1d9f-4dec-b404-876f3d9977a0,UK,71
c1dfc684-556e-4a1b-87b1-1f2d74529762,Developer(Python),5affc1b4-1d9f-4dec-b404-876f3d9977a0,UK,36
0a9e424e-60ff-42c1-993c-f915d51b312a,Junior python developer,5affc1b4-1d9f-4dec-b404-876f3d9977a0,DE,52
10ccd41e-2de8-4f49-b2b0-160e03771f43,Junior python developer,5affc1b4-1d9f-4dec-b404-876f3d9977a0,DE,42
33d53d8a-4ff1-4fbe-8a41-9a8de6f8af65,Python developer,5affc1b4-1d9f-4dec-b404-876f3d9977a0,DE,10
2eef3ea2-d936-41f7-bb22-1133f4db92bc,Python software developer,5affc1b4-1d9f-4dec-b404-876f3d9977a0,UK,24
626228cd-552e-4d7b-8bf5-ed465424676d,Python developer,5affc1b4-1d9f-4dec-b404-876f3d9977a0,UK,
179fb5a6-ecdd-4c06-9892-4409b0821e3c,Python developer,5affc1b4-1d9f-4dec-b404-876f3d9977a0,UK,44
6fa9874e-184f-4356-a165-b36848353160,Junior python developer,5affc1b4-1d9f-4dec-b404-876f3d9977a0,DE,25
4ab0d767-07ec-4707-a963-1d5975debd4e,Python software developer,5affc1b4-1d9f-4dec-b404-876f3d9977a0,DE,7
66721e4c-8a67-4274-8828-00fbf584249f,Python developer,5affc1b4-1d9f-4dec-b404-876f3d9977a0,UK,44
e113bfaf-f6fb-4fe0-b729-0d50abb37abe,Python developer,5affc1b4-1d9f-4dec-b404-876f3d9977a0,DE,58
697fec7b-e0a6-40f7-8e79-0c4296527f2c,Junior python developer,5affc1b4-1d9f-4dec-b404-876f3d9977a0,UK,44
49aaf6f1-6beb-45e1-b353-1b73648e6ed7,Python software developer,5affc1b4-1d9f-4dec-b404-876f3d9977a0,UK,35
d932f6f2-446e-4772-8d11-1aa320b4235c,Python software developer,5affc1b4-1d9f-4dec-b404-876f3d9977a0,UK,5
02e17112-3ef5-483b-a32e-aacef15db116,Python developer,5affc1b4-1d9f-4dec-b404-876f3d9977a0,DE,77
f0157237-de51-4dd2-ada1-38b0215e4b66,Senior Python developer,5affc1b4-1d9f-4dec-b404-876f3d9977a0,DE,12
890127a6-f2a9-42d0-830f-4c15fbae8a9c,Python software developer,5affc1b4-1d9f-4dec-b404-876f3d9977a0,DE,28
810e7725-7e91-4fb6-81b9-04add6b662e6,Junior python developer,5affc1b4-1d9f-4dec-b404-876f3d9977a0,,49
dae5d8ea-a914-416e-9294-966b044a8cad,Python software developer,5affc1b4-1d9f-4dec-b404-876f3d9977a0,DE,24
0995caea-7342-42ce-9c41-24efdb1106e7,Senior Python developer,5affc1b4-1d9f-4dec-b404-876f3d9977a0,UK,
1fa5f592-a6b1-42fb-af93-929c10d06a60,Junior python developer,5affc1b4-1d9f-4dec-b404-876f3d9977a0,DE,1
31802929-46e8-42ae-b703-d64c55fb8597,Python software developer,5affc1b4-1d9f-4dec-b404-876f3d9977a0,DE,11
b1b45523-fb07-4575-be75-8019044a994b,Developer(Python),5affc1b4-1d9f-4dec-b404-876f3d9977a0,DE,55
b09e1308-4092-450d-9d77-b00b7b0c872d,Developer(Python),5affc1b4-1d9f-4dec-b404-876f3d9977a0,DE,41
338289ca-d3c1-4786-8d0c-4910aa71c26b,Python software developer,5affc1b4-1d9f-4dec-b404-876f3d9977a0,UK,45
0240efe5-ad88-473b-9271-518cc13a7341,Developer(Python),5affc1b4-1d9f-4dec-b404-876f3d9977a0,UK,28
6db39374-6296-43f4-ba3b-1b3484ae12ad,Senior Python developer,5affc1b4-1d9f-4dec-b404-876f3d9977a0,UK,13
b4fa6953-e154-4fbb-94b1-59044baaf8a4,Python software developer,5affc1b4-1d9f-4dec-b404-876f3d9977a0,UK,129
bcebe7d2-4ed4-4158-baf8-100ed5758150,Senior Python developer,5affc1b4-1d9f-4dec-b404-876f3d9977a0,UK,
9b8d7c68-fac7-4924-8bde-f7c84135fe6a,Junior python developer,5affc1b4-1d9f-4dec-b404-876f3d9977a0,UK,51
e2d0f035-376c-437d-bca3-9b8540a501ae,Python software developer,5affc1b4-1d9f-4dec-b404-876f3d9977a0,,61
6ebf8285-6b65-4308-9d66-d21bcd6045bd,Junior python developer,5affc1b4-1d9f-4dec-b404-876f3d9977a0,DE,71
fc824e49-c10f-4622-84b0-f256a1ba9e6c,Python software developer,5affc1b4-1d9f-4dec-b404-876f3d9977a0,UK,69
2c48a3f4-55e4-45b2-8c88-f3566e885d23,Python developer,5affc1b4-1d9f-4dec-b404-876f3d9977a0,,56
ef26d586-b143-4171-b048-1bd4ceb0ee6b,Python software developer,5affc1b4-1d9f-4dec-b404-876f3d9977a0,UK,
5dfeb090-ada3-42cb-bbeb-a85a77d1c7dd,Senior Python developer,5affc1b4-1d9f-4dec-b404-876f3d9977a0,UK,1
3630bb38-1c08-470f-8dc5-bea03f7d48b5,Python developer,5affc1b4-1d9f-4dec-b404-876f3d9977a0,DE,
e3333626-aadb-47e1-9a76-1e64afe88e4d,Developer(Python),5affc1b4-1d9f-4dec-b404-876f3d9977a0,UK,
be5cc4b1-ae73-410b-a1e9-733537b5b2ec,Python developer,5affc1b4-1d9f-4dec-b404-876f3d9977a0,DE,23
46f3b49d-fb17-45f5-9644-b694475e7163,Junior python developer,5affc1b4-1d9f-4dec-b404-876f3d9977a0,,
975c97db-b605-4cc4-8914-f99a4c2f0726,Python software developer,5affc1b4-1d9f-4dec-b404-876f3d9977a0,DE,44
3506a5be-125a-4452-a28d-bf1268c0df77,Junior python developer,5affc1b4-1d9f-4dec-b404-876f3d9977a0,UK,24
87a6823d-507d-42d8-aa63-2d7135a22ecd,Senior Python developer,5affc1b4-1d9f-4dec-b404-876f3d9977a0,DE,144
4a7c719a-e8c7-4bbc-b26a-be72a8680fec,Developer(Python),5affc1b4-1d9f-4dec-b404-876f3d9977a0,DE,37
67719810-51c7-4a16-975c-fd61d7ee040d,Python software developer,5affc1b4-1d9f-4dec-b404-876f3d9977a0,UK,5
62758084-6aff-47e4-94da-3bd6a2f8b734,Python developer,5affc1b4-1d9f-4dec-b404-876f3d9977a0,DE,1
2a991755-4d40-4320-a3d4-b721e81bc5ee,Junior python developer,5affc1b4-1d9f-4dec-b404-876f3d9977a0,DE,44
112099d1-ec99-48ea-92b8-2d4e732304c8,Python software developer,5affc1b4-1d9f-4dec-b404-876f3d9977a0,,60
058e7bf7-a96d-4e02-bdec-74031cb60e56,Developer(Python),5affc1b4-1d9f-4dec-b404-876f3d9977a0,UK,26
a3a4a807-61a5-4096-88f0-4d1f36cc2bda,Junior python developer,5affc1b4-1d9f-4dec-b404-876f3d9977a0,DE,18
9ac8637a-9911-43eb-af70-710187b16a54,Senior Python developer,5affc1b4-1d9f-4dec-b404-876f3d9977a0,UK,
fb526f68-05c3-472e-b785-acf31f01519d,Python software developer,5affc1b4-1d9f-4dec-b404-876f3d9977a0,UK,44
0e3b3119-3289-424a-84cf-dffe69d7e291,Python developer,5affc1b4-1d9f-4dec-b404-876f3d9977a0,DE,10
0937cd0d-99a4-4e11-8d31-1773a079c41a,Python software developer,5affc1b4-1d9f-4dec-b404-876f3d9977a0,UK,58
c0f8a93d-7dc4-4f98-a68d-993cf2c2354b,Senior Python developer,5affc1b4-1d9f-4dec-b404-876f3d9977a0,DE,1
0bccbb5b-c722-428c-8749-e990e81abb72,Senior Python developer,5affc1b4-1d9f-4dec-b404-876f3d9977a0,UK,
1d60e7a0-df77-4332-8a42-51c825c86fc7,Senior Python developer,5affc1b4-1d9f-4dec-b404-876f3d9977a0,DE,
45e29ac1-b708-40ea-a2ef-4312ae777dd8,Python software developer,5affc1b4-1d9f-4dec-b404-876f3d9977a0,DE,37
51ef737e-975f-4a0c-af35-46e4bab89088,Developer(Python),5affc1b4-1d9f-4dec-b404-876f3d9977a0,UK,64
0a903b7a-69cc-4a4c-8f04-9e53686582fe,Developer(Python),5affc1b4-1d9f-4dec-b404-876f3d9977a0,DE,73
b823f318-2c4d-4d9a-bc47-af7519478b52,Junior python developer,5affc1b4-1d9f-4dec-b404-876f3d9977a0,UK,61
a952a518-1031-499c-98e5-1cd767ddf894,Junior python developer,5affc1b4-1d9f-4dec-b404-876f3d9977a0,UK,79
fdd8e74b-91ce-4386-ab1a-7747ad553984,Python developer,5affc1b4-1d9f-4dec-b404-876f3d9977a0,DE,
3047b786-bcb3-4e72-916b-2808ff28fc89,Senior Python developer,5affc1b4-1d9f-4dec-b404-876f3d9977a0,,72
0aa05965-701e-4913-b6f2-56f6a0569b57,Junior python developer,5affc1b4-1d9f-4dec-b404-876f3d9977a0,DE,61
95b0641a-3139-4d93-9fab-b89aff1303dd,Junior python developer,5affc1b4-1d9f-4dec-b404-876f3d9977a0,,21
1815f532-6cee-4acc-90cb-6ad5e04804c3,Senior Python developer,5affc1b4-1d9f-4dec-b404-876f3d9977a0,UK,41
644c8596-5cd2-418a-aaef-05a32fb16ac8,Developer(Python),5affc1b4-1d9f-4dec-b404-876f3d9977a0,UK,72
0b79bf36-d140-41b5-8f48-b854417c4e86,Junior python developer,5affc1b4-1d9f-4dec-b404-876f3d9977a0,DE,22
5a3a81c7-dcb1-4bc1-a19a-4b980e50e6aa,Python software developer,5affc1b4-1d9f-4dec-b404-876f3d9977a0,DE,34
89b3c50b-fb4b-491c-9db9-84226cdc8afa,Junior python developer,5affc1b4-1d9f-4dec-b404-876f3d9977a0,UK,71
c47ba60e-70d0-4835-a648-feef2c309e90,Developer(Python),5affc1b4-1d9f-4dec-b404-876f3d9977a0,DE,42
1dfdbacc-71ce-46d1-a72c-bc250e4d990f,Junior python developer,5affc1b4-1d9f-4dec-b404-876f3d9977a0,DE,142
017e59ff-b50e-4026-ba14-3563307821e6,Senior Python developer,5affc1b4-1d9f-4dec-b404-876f3d9977a0,DE,12
ea7e67da-23b0-416d-9504-7cf55f9e6b82,Developer(Python),5affc1b4-1d9f-4dec-b404-876f3d9977a0,DE,16
9638df2a-19ff-4251-91b0-b54a1f038d8f,Junior python developer,5affc1b4-1d9f-4dec-b404-876f3d9977a0,DE,79
92fb1f76-ebc4-4fdf-b315-5b0b2d38a99c,Python software developer,5affc1b4-1d9f-4dec-b404-876f3d9977a0,DE,
37602b0a-0bcb-471e-b699-604c328d1e06,Senior Python developer,5affc1b4-1d9f-4dec-b404-876f3d9977a0,UK,1
36fc84f7-deb2-4286-8fb0-0d371c134056,Python developer,5affc1b4-1d9f-4dec-b404-876f3d9977a0,UK,
b92eb53f-a85d-4fa3-9d2d-221b1107567e,Python developer,5affc1b4-1d9f-4dec-b404-876f3d9977a0,UK,51
6710c8be-5866-4c90-8307-ed4bdfed21c2,Python software developer,5affc1b4-1d9f-4dec-b404-876f3d9977a0,UK,
c7dcb8fd-650b-472e-aa67-96f29c412afb,Developer(Python),5affc1b4-1d9f-4dec-b404-876f3d9977a0,UK,75
29eae668-067e-486b-899c-9233c63fe1a5,Developer(Python),5affc1b4-1d9f-4dec-b404-876f3d9977a0,UK,11
fc53d9f4-f8b4-42b2-aa87-eab047069656,Senior Python developer,5affc1b4-1d9f-4dec-b404-876f3d9977a0,UK,8
17c69be0-c0f0-4570-b6f1-d8eafb668104,Developer(Python),5affc1b4-1d9f-4dec-b404-876f3d9977a0,DE,51
3db53b3d-5ee9-46fa-8b39-059538b64d2e,Junior python developer,5affc1b4-1d9f-4dec-b404-876f3d9977a0,UK,123
30197c1b-65a6-4bb4-a403-fc50b7a72309,Senior Python developer,5affc1b4-1d9f-4dec-b404-876f3d9977a0,UK,
cbfb8fa6-534e-4ba3-a248-e37bfc72c98f,Junior python developer,5affc1b4-1d9f-4dec-b404-876f3d9977a0,UK,
aba4e9ff-93bf-4337-be58-67a8dccb0cb7,Python software developer,5affc1b4-1d9f-4dec-b404-876f3d9977a0,DE,24
0c4b46b5-0738-4810-b6da-6493b58791a7,Python software developer,5affc1b4-1d9f-4dec-b404-876f3d9977a0,DE,
a7d8c625-ac76-4af8-9154-0c014f5f1d07,Python developer,5affc1b4-1d9f-4dec-b404-876f3d9977a0,,27
909a3cec-6afd-447e-b8f9-2bdcbaf08a02,Python software developer,5affc1b4-1d9f-4dec-b404-876f3d9977a0,DE,19
5d85ace5-a7e7-4458-9b67-d122bb621d02,Python software developer,5affc1b4-1d9f-4dec-b404-876f3d9977a0,,74
d68b01a8-adb3-4a5a-840a-c4294590ad40,Senior Python developer,5affc1b4-1d9f-4dec-b404-876f3d9977a0,DE,7
1dfb4101-6b95-4fbc-85d1-6beea1d7af61,Senior Python developer,5affc1b4-1d9f-4dec-b404-876f3d9977a0,DE,11
b1915b39-1fbf-417a-906b-bc437fb84567,Senior Python developer,5affc1b4-1d9f-4dec-b404-876f3d9977a0,UK,16
b16f9068-7536-419e-a88b-d17ba4a753c3,Senior Python developer,5affc1b4-1d9f-4dec-b404-876f3d9977a0,DE,80
f6a577ff-7032-46f6-a91e-ca8be5337b01,Developer(Python),5affc1b4-1d9f-4dec-b404-876f3d9977a0,UK,62
1b148bbb-8609-4b36-a074-e6749f455948,Developer(Python),5affc1b4-1d9f-4dec-b404-876f3d9977a0,UK,
1ac22fcd-e04e-4fd5-bc8e-942c2ec98459,Python software developer,5affc1b4-1d9f-4dec-b404-876f3d9977a0,DE,
3c8772c1-4f05-4844-92a4-fee0dca3a640,Developer(Python),5affc1b4-1d9f-4dec-b404-876f3d9977a0,UK,144
48d9d28b-8258-4bea-99bf-1f574643cbe2,Python developer,5affc1b4-1d9f-4dec-b404-876f3d9977a0,UK,64
ec07556e-917d-40da-800a-1168d785e009,Developer(Python),5affc1b4-1d9f-4dec-b404-876f3d9977a0,UK,41
71b63ecb-65f0-4ae2-a90f-cb57c44daf59,Developer(Python),5affc1b4-1d9f-4dec-b404-876f3d9977a0,DE,1
0fca72c3-12df-4722-905c-71ffe68501c3,Python software developer,5affc1b4-1d9f-4dec-b404-876f3d9977a0,DE,56
24f1c5d5-97d6-4af3-8aef-bb33f0e366c8,Senior Python developer,5affc1b4-1d9f-4dec-b404-876f3d9977a0,UK,57
23be0505-a795-4424-800e-cb256b6b5781,Python developer,5affc1b4-1d9f-4dec-b404-876f3d9977a0,DE,43
8ffd130f-55f2-4e24-aea9-887a137116ec,Python software developer,5affc1b4-1d9f-4dec-b404-876f3d9977a0,UK,11
3b682285-c858-4fe4-a89f-8cd34286ba57,Python software developer,5affc1b4-1d9f-4dec-b404-876f3d9977a0,DE,28
5a3b3dbd-dffb-46a8-bea2-2ee006b72b4a,Senior Python developer,5affc1b4-1d9f-4dec-b404-876f3d9977a0,UK,31
6accbbb5-51d5-4104-ab58-b69b8ea71ae4,Python developer,5affc1b4-1d9f-4dec-b404-876f3d9977a0,DE,146
6dac1cf8-7f52-48da-afb6-6f8ef32987f6,Python developer,5affc1b4-1d9f-4dec-b404-876f3d9977a0,UK,69
8c6c741b-5448-419c-8a68-8eac97dd15f7,Python software developer,5affc1b4-1d9f-4dec-b404-876f3d9977a0,UK,63
0e117a0a-a693-434c-932c-d527facb22ec,Python software developer,5affc1b4-1d9f-4dec-b404-876f3d9977a0,UK,73
74f483f7-988e-4ea5-b3eb-192dde2d77b9,Developer(Python),5affc1b4-1d9f-4dec-b404-876f3d9977a0,UK,69
17b15a5d-c2a6-450a-b605-1b97afaeab9b,Senior Python developer,5affc1b4-1d9f-4dec-b404-876f3d9977a0,DE,38
8574580b-8eb9-41fd-a9ba-80c817a212f9,Junior python developer,5affc1b4-1d9f-4dec-b404-876f3d9977a0,UK,1
124dd895-12e3-496a-8c8c-f6c7d1a39e05,Python software developer,5affc1b4-1d9f-4dec-b404-876f3d9977a0,UK,
c0d93e6e-a161-47e6-b95f-d94aeab9b76a,Python developer,5affc1b4-1d9f-4dec-b404-876f3d9977a0,DE,17
6725af58-1e55-4335-8d63-f30ea2b86454,Python developer,5affc1b4-1d9f-4dec-b404-876f3d9977a0,DE,10
92d649ef-d495-4995-8288-2013ed80b353,Python software developer,5affc1b4-1d9f-4dec-b404-876f3d9977a0,DE,145
882f9827-7c6e-4fe3-8c4f-928846ef3d19,Python developer,5affc1b4-1d9f-4dec-b404-876f3d9977a0,DE,57
bba84b69-142f-467c-83f8-f6ebd5bbab7d,Junior python developer,5affc1b4-1d9f-4dec-b404-876f3d9977a0,DE,9
a42adf52-ce49-4354-a969-e8131c3cf300,Python software developer,5affc1b4-1d9f-4dec-b404-876f3d9977a0,DE,69
68f34fa1-85c4-4e6e-8e85-b33d67914474,Junior python developer,5affc1b4-1d9f-4dec-b404-876f3d9977a0,UK,46
213d378d-5807-4a9b-94be-84dc477fcaf5,Python developer,5affc1b4-1d9f-4dec-b404-876f3d9977a0,,122
2ac0a2bb-2eeb-4260-903e-73ad3ceb6a8e,Python developer,5affc1b4-1d9f-4dec-b404-876f3d9977a0,UK,40
b8253d8b-dc1e-482c-ab88-b85c36d29d02,Python developer,5affc1b4-1d9f-4dec-b404-876f3d9977a0,DE,59
7299740a-db47-4273-a945-31bdd6229c9b,Junior python developer,5affc1b4-1d9f-4dec-b404-876f3d9977a0,UK,54
13a49467-1bbb-4239-ae36-231ccb462b0d,Developer(Python),5affc1b4-1d9f-4dec-b404-876f3d9977a0,DE,80
5361d066-11df-42a0-8c3e-c8f9d8a845ec,Python software developer,5affc1b4-1d9f-4dec-b404-876f3d9977a0,UK,
e296a367-a577-48e9-9e58-c95106bdb4b2,Python developer,5affc1b4-1d9f-4dec-b404-876f3d9977a0,UK,51
4ef66d92-4598-446d-86e2-6e88f2196378,Python developer,5affc1b4-1d9f-4dec-b404-876f3d9977a0,UK,123
b15d1a89-0739-4e85-ad94-9f0f394b9068,Senior Python developer,5affc1b4-1d9f-4dec-b404-876f3d9977a0,DE,
dd8f642c-98b2-48a2-8819-b10ad391a4db,Developer(Python),5affc1b4-1d9f-4dec-b404-876f3d9977a0,DE,35
38fc262b-2739-48f3-aaaf-f7f1e184aa3b,Python developer,5affc1b4-1d9f-4dec-b404-876f3d9977a0,UK,
